
-- INSERT EJERCICIO 3 UNIDAD 15

/* INSERT EN TABLA CIENTIFICOS */
INSERT INTO CIENTIFICOS (DNI, NOMBRE_APELLIDOS) VALUES ('651651L' , 'Paco rabano');
INSERT INTO CIENTIFICOS (DNI, NOMBRE_APELLIDOS) VALUES ('564161K' , 'Paco mer');
INSERT INTO CIENTIFICOS (DNI, NOMBRE_APELLIDOS) VALUES ('161466J' , 'Jose pinto');
INSERT INTO CIENTIFICOS (DNI, NOMBRE_APELLIDOS) VALUES ('861616H' , 'Pinto Uncuadro');
INSERT INTO CIENTIFICOS (DNI, NOMBRE_APELLIDOS) VALUES ('315115G' , 'Uncuadro cuelgo');
INSERT INTO CIENTIFICOS (DNI, NOMBRE_APELLIDOS) VALUES ('651661F' , 'Investigador X');
INSERT INTO CIENTIFICOS (DNI, NOMBRE_APELLIDOS) VALUES ('564164E' , 'Josefina Garsia');
INSERT INTO CIENTIFICOS (DNI, NOMBRE_APELLIDOS) VALUES ('654165D' , 'Mariadolores');
INSERT INTO CIENTIFICOS (DNI, NOMBRE_APELLIDOS) VALUES ('461565C' , 'Ana stasia');
INSERT INTO CIENTIFICOS (DNI, NOMBRE_APELLIDOS) VALUES ('464161A' , 'Maria yeye');
/* INSERT EN TABLA PROYECTO */
INSERT INTO PROYECTO (ID, NOMBRE, HORAS) VALUES ('PR01' , 'Proyecto Anacardo' , 100);
INSERT INTO PROYECTO (ID, NOMBRE, HORAS) VALUES ('PR02' , 'Proyecto Ana P' , 450);
INSERT INTO PROYECTO (ID, NOMBRE, HORAS) VALUES ('PR03' , 'Proyecto Ana X' , 360);
INSERT INTO PROYECTO (ID, NOMBRE, HORAS) VALUES ('PR04' , 'Proyecto Ana stroso' , 60);
INSERT INTO PROYECTO (ID, NOMBRE, HORAS) VALUES ('PR05' , 'Proyecto Ana lirico' , 2000);
INSERT INTO PROYECTO (ID, NOMBRE, HORAS) VALUES ('PR06' , 'Proyecto Ana tomico' , 1000);
INSERT INTO PROYECTO (ID, NOMBRE, HORAS) VALUES ('PR07' , 'Proyecto Anamaria' , 106);
INSERT INTO PROYECTO (ID, NOMBRE, HORAS) VALUES ('PR08' , 'Proyecto Analitico' , 115);
INSERT INTO PROYECTO (ID, NOMBRE, HORAS) VALUES ('PR09' , 'Proyecto Anastesia' , 290);
INSERT INTO PROYECTO (ID, NOMBRE, HORAS) VALUES ('PR10' , 'Proyecto Anaconda' , 480);
/* INSERT EN TABLA ASIGNADO_A */
INSERT INTO ASIGNADO_A (CIENTIFICO, PROYECTO) VALUES ('651651L', 'PR01');
INSERT INTO ASIGNADO_A (CIENTIFICO, PROYECTO) VALUES ('651661F', 'PR02');
INSERT INTO ASIGNADO_A (CIENTIFICO, PROYECTO) VALUES ('464161A', 'PR03');
INSERT INTO ASIGNADO_A (CIENTIFICO, PROYECTO) VALUES ('654165D', 'PR04');
INSERT INTO ASIGNADO_A (CIENTIFICO, PROYECTO) VALUES ('161466J', 'PR05');
INSERT INTO ASIGNADO_A (CIENTIFICO, PROYECTO) VALUES ('461565C', 'PR06');
INSERT INTO ASIGNADO_A (CIENTIFICO, PROYECTO) VALUES ('564164E', 'PR07');
INSERT INTO ASIGNADO_A (CIENTIFICO, PROYECTO) VALUES ('861616H', 'PR08');
/* SENTENCIAS QUE DARÁN ERROR POR INTEGRIDAD REFERENCIAL */
INSERT INTO ASIGNADO_A (CIENTIFICO, PROYECTO) VALUES ('0000000', 'PR09');
INSERT INTO ASIGNADO_A (CIENTIFICO, PROYECTO) VALUES ('1111111', 'PR10');
/* MOSTRAR TABLAS */
SELECT * FROM CIENTIFICOS;
SELECT * FROM PROYECTO; 
SELECT * FROM ASIGNADO_A;