
-- INSERT EJERCICIO 2 UD15

/* INSERT EN LA TABLA PIEZAS */
INSERT INTO PIEZAS (NOMBRE) VALUES ('Codo 3/4');
INSERT INTO PIEZAS (NOMBRE) VALUES ('Manguito 3/4');
INSERT INTO PIEZAS (NOMBRE) VALUES ('Racor 1/2');
INSERT INTO PIEZAS (NOMBRE) VALUES ('Valvula anti-retorno');
INSERT INTO PIEZAS (NOMBRE) VALUES ('Bomba 230V');
INSERT INTO PIEZAS (NOMBRE) VALUES ('Sonda PT-100');
INSERT INTO PIEZAS (NOMBRE) VALUES ('Sonda PT-200');
INSERT INTO PIEZAS (NOMBRE) VALUES ('Sensor ultrasonidos');
INSERT INTO PIEZAS (NOMBRE) VALUES ('Sensor proximidad');
INSERT INTO PIEZAS (NOMBRE) VALUES ('Husillo DA');
/* INSERT EN TABLA PROVEEDORES */
INSERT INTO PROVEEDORES (ID, NOMBRE) VALUES ('PV01', 'Valvuleria jaimitong');
INSERT INTO PROVEEDORES (ID, NOMBRE) VALUES ('PV02', 'Valvuleria san juan');
INSERT INTO PROVEEDORES (ID, NOMBRE) VALUES ('PV03', 'Electronica jose');
INSERT INTO PROVEEDORES (ID, NOMBRE) VALUES ('PV04', 'Bombas vidl');
INSERT INTO PROVEEDORES (ID, NOMBRE) VALUES ('PV05', 'Tuberias pedrolo');
INSERT INTO PROVEEDORES (ID, NOMBRE) VALUES ('PV06', 'Electrovending');
INSERT INTO PROVEEDORES (ID, NOMBRE) VALUES ('PV07', 'Tus tubos.com');
INSERT INTO PROVEEDORES (ID, NOMBRE) VALUES ('PV08', 'Sensores maria');
INSERT INTO PROVEEDORES (ID, NOMBRE) VALUES ('PV09', 'Motobombas luis');
INSERT INTO PROVEEDORES (ID, NOMBRE) VALUES ('PV10', 'Sneckers plasticos joel');
/* INSERT EN LA TABLA SUMINISTRA */
INSERT INTO SUMINISTRA (CODIGOPIEZA, IDPROVEEDOR, PRECIO) VALUES (1, 'PV01', 150);
INSERT INTO SUMINISTRA (CODIGOPIEZA, IDPROVEEDOR, PRECIO) VALUES (2, 'PV02', 400);
INSERT INTO SUMINISTRA (CODIGOPIEZA, IDPROVEEDOR, PRECIO) VALUES (3, 'PV03', 450);
INSERT INTO SUMINISTRA (CODIGOPIEZA, IDPROVEEDOR, PRECIO) VALUES (4, 'PV04', 600);
INSERT INTO SUMINISTRA (CODIGOPIEZA, IDPROVEEDOR, PRECIO) VALUES (5, 'PV05', 1200);
INSERT INTO SUMINISTRA (CODIGOPIEZA, IDPROVEEDOR, PRECIO) VALUES (6, 'PV06', 165);
INSERT INTO SUMINISTRA (CODIGOPIEZA, IDPROVEEDOR, PRECIO) VALUES (7, 'PV07', 115);
INSERT INTO SUMINISTRA (CODIGOPIEZA, IDPROVEEDOR, PRECIO) VALUES (8, 'PV08', 99);
INSERT INTO SUMINISTRA (CODIGOPIEZA, IDPROVEEDOR, PRECIO) VALUES (9, 'PV09', 2000);
INSERT INTO SUMINISTRA (CODIGOPIEZA, IDPROVEEDOR, PRECIO) VALUES (10, 'PV10', 1500);
/* TUPLAS ERRONEAS , LA PRIMERA NO EXISTE EL VALOR 100 EN CODIGOPIEZAS Y LA SEGUNDA EL PV0100 TAMPOCO EXISTE*/
INSERT INTO SUMINISTRA (CODIGOPIEZA, IDPROVEEDOR, PRECIO) VALUES (100, 'PV01', 150);
INSERT INTO SUMINISTRA (CODIGOPIEZA, IDPROVEEDOR, PRECIO) VALUES (1, 'PV018', 150);
/* SELECT TABLA PIEZAS , PROVEEDORES Y SUMINISTRA */
SELECT * FROM PIEZAS;
SELECT * FROM PROVEEDORES;
SELECT * FROM SUMINISTRA;
